start,start/step,0,timestamp,1657785607.00418
start,start/step,0,timestamp,1657785646.9085793
start,start/step,0,timestamp,1657785679.6022632
start,start/step,0,timestamp,1657785714.4849994
start,start/step,0,timestamp,1657785759.3667667
start,start/step,0,timestamp,1657788253.6005564
start,start/step,0,timestamp,1657852340.6850154
start,start/step,0,timestamp,1657852580.065782
start,start/step,0,timestamp,1657852736.447188
start,start/step,0,timestamp,1657860686.3885407
start,start/step,0,timestamp,1657860963.3279455
start,start/step,0,timestamp,1657861171.8343875
start,start/step,0,timestamp,1657861528.9664278
start,start/step,0,timestamp,1657861707.7481072
start,start/step,0,timestamp,1657861760.3937209
start,start/step,0,timestamp,1657863203.5555983
start,start/step,0,timestamp,1657863807.926801
start,start/step,0,timestamp,1657864848.1820586
start,start/step,0,timestamp,1657864989.4331663
start,start/step,0,timestamp,1657865077.379092
start,start/step,0,timestamp,1657865145.2614796
start,start/step,0,timestamp,1657865529.4030392
start,start/step,0,timestamp,1657865651.1866379
start,start/step,0,timestamp,1657866132.7210462
start,start/step,0,timestamp,1657866206.6338868
start,start/step,0,timestamp,1657866318.8320813
start,start/step,0,timestamp,1657866713.4392793
start,start/step,0,timestamp,1657866883.136406
start,start/step,0,timestamp,1657867085.9349604
start,start/step,0,timestamp,1657867428.3523405
start,start/step,0,timestamp,1657867498.4393418
start,start/step,0,timestamp,1657867914.8939052
start,start/step,0,timestamp,1657868150.916095
start,start/step,0,timestamp,1657868451.6686695
start,start/step,0,timestamp,1657868560.2664723
start,start/step,0,timestamp,1657869236.5716407
start,start/step,0,timestamp,1657870776.110756
start,start/step,0,timestamp,1657871560.313458
start,start/step,0,timestamp,1657871603.6303577
start,start/step,0,timestamp,1657871637.009078
start,start/step,0,timestamp,1657871672.6209145
start,start/step,0,timestamp,1657871709.894936
start,start/step,0,timestamp,1657871733.3394904
start,start/step,0,timestamp,1657871797.600378
start,start/step,0,timestamp,1657871802.1045215
start,start/step,0,timestamp,1657873125.0638347
start,start/step,0,timestamp,1657873410.497831
start,start/step,0,timestamp,1657873496.9406407
start,start/step,0,timestamp,1657873575.5861816
start,start/step,0,timestamp,1657873894.8927155
start,start/step,0,timestamp,1657874141.2128544
start,start/step,0,timestamp,1657874289.80481
start,start/step,0,timestamp,1657874333.1667712
start,start/step,0,timestamp,1657874575.7743292
start,start/step,0,timestamp,1657875682.2553456
start,start/step,0,timestamp,1657875713.858263
